{"loss": [1.585089087486267, 1.1395684480667114, 1.0071392059326172, 0.9397991299629211, 0.8867734670639038, 0.8613947629928589, 0.8439399003982544, 0.7967509627342224, 0.7748816609382629, 0.7771117687225342, 0.7565003633499146, 0.7260531187057495, 0.7107012867927551, 0.7177017331123352, 0.7135251760482788, 0.7133987545967102, 0.6968415975570679, 0.6869778633117676, 0.6875832676887512, 0.6820749640464783, 0.6730627417564392, 0.6563677191734314, 0.6544396281242371, 0.6452083587646484, 0.6540320515632629, 0.6191787719726562, 0.615729808807373, 0.6241604685783386, 0.6186862587928772, 0.6410623788833618], "accuracy": [0.41597387194633484, 0.5641329884529114, 0.6122328042984009, 0.6448931097984314, 0.6763657927513123, 0.684382438659668, 0.6837885975837708, 0.6986342072486877, 0.720308780670166, 0.724465548992157, 0.7277315855026245, 0.7440617680549622, 0.7425771951675415, 0.7372328042984009, 0.7479215860366821, 0.7422803044319153, 0.7461401224136353, 0.7470308542251587, 0.7470308542251587, 0.7511876225471497, 0.7583135366439819, 0.7639548778533936, 0.7645487189292908, 0.7681116461753845, 0.7672209143638611, 0.7761282920837402, 0.7758313417434692, 0.7698931097984314, 0.7722684144973755, 0.7737529873847961], "val_loss": [4.8195929527282715, 3.733370780944824, 4.522255897521973, 5.018876075744629, 4.842803001403809, 5.0337018966674805, 6.0223212242126465, 6.249372482299805, 6.126885414123535, 5.5004072189331055, 6.957470417022705, 6.835821151733398, 7.0352983474731445, 7.816840648651123, 7.3694047927856445, 7.822006702423096, 7.743619441986084, 8.013553619384766, 7.975282669067383, 8.257866859436035, 8.210502624511719, 8.134221076965332, 8.235020637512207, 9.484095573425293, 8.95195198059082, 9.010000228881836, 9.649313926696777, 9.53989315032959, 8.783982276916504, 9.602497100830078], "val_accuracy": [0.375, 0.5480769276618958, 0.578125, 0.5949519276618958, 0.6274038553237915, 0.6237980723381042, 0.604567289352417, 0.6129807829856873, 0.620192289352417, 0.6430288553237915, 0.6129807829856873, 0.620192289352417, 0.6286057829856873, 0.6069711446762085, 0.6262019276618958, 0.6117788553237915, 0.629807710647583, 0.6274038553237915, 0.6322115659713745, 0.6274038553237915, 0.6213942170143127, 0.6274038553237915, 0.620192289352417, 0.6129807829856873, 0.620192289352417, 0.625, 0.6081730723381042, 0.6177884340286255, 0.6346153616905212, 0.614182710647583]}